age,income,credit_score,debt_ratio,monthly_spend,savings,risk_category,region,account_type
40,500000,791.0,44.680980001846685,25000.0,3867.210033871915,Medium,West,Checking
33,450000,753.0,27.950329843098647,22000.0,11771.934413401526,Low,Northeast,Checking
42,600000,684.0,17.107318730966348,30000.0,17810.183744656555,Low,Southeast,Checking
53,550000,628.0,34.874978894266,28000.0,10859.262536788841,Medium,Southwest,Checking
32,480000,735.0,48.47843388846728,26000.0,69511.52632845506,Low,Southwest,Premium
32,24595,711.0,56.233355541039344,1571.9952655945895,14175.819224783108,Medium,Southeast,Business
53,22608,751.0,6.6028107172517005,815.7778992958072,6953.733461605268,Low,West,Business
44,18193,730.0,47.8010362793978,1803.0052284493695,22186.149903274596,Medium,West,Checking
29,37752,763.0,36.195574219105254,726.4328297836505,2803.304645676778,Medium,Midwest,Premium
41,18680,637.0,40.16190764260652,793.6563205717683,7280.1903921455005,Low,Northeast,Checking
29,45087,785.0,14.476908879022119,699.5669750330907,6391.7293283065455,Low,West,Checking
29,34884,695.0,14.853618339714062,863.5857219776367,8479.414449451753,Medium,Southeast,Premium
37,29996,846.0,26.731228227700182,1145.6089079335507,22833.761296026398,Medium,West,Savings
18,17570,624.0,26.65058948831771,570.8110714646078,9929.758550812343,Low,Southwest,Checking
18,22892,,20.16844401116823,518.4546677107447,23699.238893626734,Low,Northeast,Savings
28,66457,695.0,51.91348577625704,377.65293470400366,12887.633437408771,High,Midwest,Checking
22,54216,627.0,1.2576968831467985,353.02503436511915,6279.838155307862,Medium,Northeast,Premium
38,16613,641.0,23.005953211192406,461.65653171522126,24909.290065936293,Low,Southwest,Savings
24,39319,654.0,8.916247674529961,724.0652943078968,4082.8341097762045,Low,Southwest,Business
18,66244,713.0,54.37183231209585,1012.2557537103397,3811.4461694265588,Low,Southwest,Checking
52,9551,721.0,33.80641675028336,1117.2736710173533,10532.90739675246,Medium,Southwest,Checking
32,56088,634.0,22.099377678765254,991.1128914342903,4533.800722404356,Low,Southeast,Savings
35,21373,678.0,12.232166966906016,1711.0254282240558,136.92860832984837,High,Midwest,Savings
18,57324,850.0,32.715774615691906,1952.1007049477007,15674.545632232772,Low,Southwest,Checking
28,19720,818.0,9.997482682028872,817.5859171856013,10733.770078008627,Low,Southwest,Premium
36,8570,714.0,33.759203987394116,575.5506366041457,8845.808997555574,Medium,West,Premium
21,9877,683.0,58.28544730774738,2216.041598687867,51154.411048602415,High,Midwest,Business
39,37739,689.0,54.90326088038333,1547.9891892434644,12701.441492336888,Medium,Northeast,Premium
27,44702,729.0,14.44002153105774,1497.3090973824696,29863.942924957933,Low,Midwest,Premium
31,17615,598.0,53.978868500882335,710.2676168360372,2252.757506217111,Medium,Midwest,Savings
27,60528,659.0,4.91039142380159,1357.290625020366,12631.895046512138,Medium,Midwest,Premium
57,9612,546.0,22.69298672078842,994.7126995362851,30371.985380365622,Low,Southwest,Checking
34,34445,711.0,15.07116244682386,901.7368144881228,13123.840558935644,Low,Southwest,Checking
22,13782,,3.9774266807851397,901.0222560325095,,Low,Southeast,Checking
44,21558,641.0,41.995867755191874,1169.2573728537582,6979.267356265125,Low,Northeast,Savings
20,37718,,47.032093240572884,1735.8568447869593,1455.0912867157788,High,West,Checking
37,18245,581.0,45.9322562425661,2298.8631486083355,,Low,Midwest,Business
18,26698,562.0,29.28697416440324,769.2893912319238,7525.000199527232,High,Northeast,Checking
19,81229,697.0,32.53208111970423,1020.3642489569274,30267.881283882307,Medium,Northeast,Checking
37,22890,763.0,60.8299740483025,891.2753721492843,4195.615335036429,Medium,Southeast,Savings
43,70866,814.0,22.799591781365898,1134.6520167545784,51048.393967604476,Medium,West,Checking
37,14709,643.0,32.85833899501695,840.4751063875541,47600.69470038658,Low,Midwest,Checking
33,55483,766.0,18.8908839828141,2126.3940381919065,4267.938579326748,Low,West,Checking
31,115065,676.0,47.59491652842039,671.0433132909352,6416.856098182738,Low,Southeast,Savings
18,5027,666.0,46.19524675485083,769.7913969415847,33886.52633070468,Medium,Southwest,Savings
26,19196,750.0,33.552196724204514,715.2606355198931,50997.97345046864,Low,Northeast,Premium
29,57621,732.0,29.133052635406433,871.2412908205089,8789.68028081086,Medium,Midwest,Premium
47,30870,553.0,30.10360813901332,478.8414216966065,5806.947005828604,Low,Southwest,Savings
39,48869,798.0,32.719066890772694,721.7736752397292,11201.194757283069,Low,Southeast,Checking
18,22399,790.0,6.764099286707154,1129.6731406192812,17460.189621693833,Low,West,Checking
38,38920,629.0,33.280396452018294,1125.929410859249,4792.225769348889,High,Northeast,Premium
30,32063,711.0,56.89403837780267,1046.7635275952305,20004.00168120323,Medium,Midwest,Checking
26,92431,719.0,16.873682327409085,1668.415450825903,795.5910658077231,Low,Southwest,Checking
42,44513,700.0,32.347850774297825,1149.7631268242494,758.2639621835641,Medium,Southwest,Premium
47,47575,635.0,25.951423642259236,1644.1568965906463,7323.435537093748,Low,Northeast,Savings
46,26121,626.0,21.073410761815943,2299.6393809025444,6542.1092304981,High,West,Checking
24,24585,677.0,44.54389315848823,1372.5432132756769,5688.919053581528,Medium,Southeast,Checking
31,25692,773.0,19.252517781702654,480.0379422893439,10130.191344703406,Low,West,Business
38,49789,723.0,42.15730229751968,1065.5990330682378,5801.127909748267,Medium,West,Premium
46,25931,650.0,31.47556062634345,995.5795046534364,3202.6871616449284,Low,West,Premium
29,45789,741.0,8.917514806890406,1801.695301135312,5554.428109588248,High,Northeast,Savings
32,191055,452.0,18.139749745536847,885.9802072717738,55275.8651822833,Low,Northeast,Savings
21,72904,771.0,28.88520759798477,626.9576034594993,7942.825086561586,Medium,Southeast,Business
20,27978,540.0,19.122046404901067,741.8028793631474,8824.046698925951,Low,West,Business
44,94937,651.0,25.463202598101102,489.29711854244226,12889.620062761258,Medium,Northeast,Checking
51,26200,590.0,26.260915795931457,153.5755195350405,61421.861499151026,Medium,Southeast,Premium
34,7111,576.0,18.68577020761625,2130.9678490074257,4148.190166601623,Medium,Southeast,Checking
47,16212,772.0,12.35656832485277,941.4877253998279,17151.73389763935,Medium,West,Checking
39,8130,642.0,35.909026670109476,513.1238584968423,18880.907194401338,High,Midwest,Savings
27,27413,707.0,0.7247912732123117,1874.387417840931,14021.572440582042,Low,West,Savings
39,36854,676.0,22.541229173963977,2016.454747108542,1391.2445160119603,Low,Midwest,Business
53,138850,718.0,36.82584032090778,1011.132708727446,16945.614045709317,Low,Southeast,Checking
34,47171,686.0,47.00537573475749,466.7341577736315,993.6149194313444,High,Northeast,Savings
53,30476,577.0,23.340795938545686,750.3984815504588,13600.403344774022,Low,Southwest,Business
18,70511,759.0,60.455062392478595,842.0157589371952,20181.96130748103,Medium,Southeast,Business
44,6192,,11.161825582150756,956.094134434483,3554.261961291937,Medium,Northeast,Checking
36,43848,555.0,29.180063638815756,546.0008314546438,27641.561186426912,Low,Southeast,Checking
31,67284,645.0,24.367885033200437,1422.745264759043,462.36032990399104,Low,West,Savings
36,11127,800.0,9.117290073823888,287.16065395580085,27850.5059810126,Low,Midwest,Checking
18,90671,748.0,34.238261216894415,1525.7233929324054,9251.935172954909,Low,Southeast,Business
32,47609,652.0,26.13583638874165,1669.5722301321186,3680.6061927379665,Low,Northeast,Business
39,26049,652.0,10.545421749979745,785.7706152676864,2154.2132942907415,Low,West,Checking
52,60248,654.0,33.941958951777686,905.8763400226799,45962.46911262027,High,Southwest,Checking
28,223363,846.0,6.674404650508572,1762.8388405343117,1131.6154728588463,High,West,Checking
25,42002,710.0,39.48447858495602,1251.09796716465,,Low,Midwest,Business
28,44292,714.0,17.015973446901885,799.055143675654,6411.574213610736,Low,West,Checking
45,25147,762.0,69.12093386389427,844.113700865322,14523.03361348346,Low,Southwest,Savings
38,18400,699.0,17.016504307163668,1172.2274082421548,11805.311705205953,Medium,Northeast,Savings
28,70563,659.0,25.965807209419907,2043.9192116055185,2014.006246172697,Medium,Southeast,Savings
41,18308,664.0,34.08592494335257,856.4184926538591,5131.60891235406,Low,Midwest,Checking
36,38455,674.0,19.36145912070428,787.5583879349264,4091.93679765783,Low,Southwest,Checking
46,24782,,44.21189571746821,953.008433401038,3603.255683389988,Medium,Midwest,Business
26,53272,738.0,29.181463438268228,955.6285636078157,7943.612682113248,Medium,West,Business
31,47426,684.0,4.31616328618451,1079.9439587694983,18262.531335893036,Low,Midwest,Premium
30,83285,738.0,8.526285170391148,907.2239256327258,3678.018117835419,Medium,Southwest,Checking
18,24148,673.0,47.37658354893495,1566.3877876110182,6851.665296347973,Low,Southeast,Checking
38,29263,686.0,27.39533039710695,603.461446407131,7437.021485305905,Low,Southeast,Savings
38,16597,520.0,23.739520744884942,1134.0589378794543,56233.60133050135,Medium,Midwest,Checking
35,25452,,26.70788820929144,1154.1803094355946,46405.58772581387,Medium,Northeast,Business
32,49111,707.0,10.34879707346583,630.080924506339,24151.89094373579,Low,Midwest,Savings
18,66542,759.0,22.795113216234185,1128.9619206626116,4149.330330194856,High,West,Checking
29,17365,448.0,26.273333052540547,1167.829789873063,1056.9375251561373,Low,Southeast,Business
30,72815,847.0,68.91140409001312,217.39777108946558,5716.801117978933,Medium,Southeast,Business
25,107420,668.0,25.056494006746387,575.1979385507589,4654.939936535434,Low,Southeast,Checking
33,50551,768.0,24.464969297662236,1828.9863873709596,10576.043564109292,High,Northeast,Savings
39,162988,596.0,27.673841493821488,703.8642379271419,22557.795258844653,High,Northeast,Checking
57,19554,729.0,27.220512050485734,512.4788104733664,29313.075431964648,Low,Southwest,Checking
37,13416,595.0,22.994845690931623,344.5544477279978,27951.80516952033,High,Midwest,Checking
38,8751,630.0,42.570532098434086,548.8147116391236,6686.704432318505,Medium,Midwest,Savings
34,120190,833.0,22.271118741639413,889.3553440484151,17434.51605016511,Medium,West,Business
18,61297,,47.73689304451496,493.8287164846385,5627.695096781423,Low,Southeast,Savings
34,34736,697.0,23.101298651698983,1258.4764005881711,942.5881784883946,Medium,Northeast,Checking
35,45432,749.0,43.14435361946499,624.4966868474659,18138.060229377334,High,West,Savings
64,14759,719.0,38.687976021019075,1083.699122832329,148.1424254888026,Low,West,Checking
32,256940,692.0,20.8678135078325,1711.0732473926278,7893.723839102236,High,Northeast,Premium
38,40270,709.0,9.002499819996725,1663.3070369646714,5993.27297657268,Low,Midwest,Savings
34,39636,850.0,60.38569167009646,1075.2639427012798,17732.070830122073,Low,Southeast,Checking
20,64900,675.0,22.6523325230121,530.7402053206829,,Medium,Midwest,Checking
48,53359,696.0,30.42970610133372,917.9403214072346,5438.123986736267,Medium,West,Premium
44,43438,764.0,16.462586137498683,1091.2859278157234,25039.969738412026,Medium,Southeast,Checking
44,19295,768.0,18.239723623494818,2493.301536225107,5220.332182070815,Low,Southwest,Premium
24,52953,774.0,47.66491048877699,342.69117671066346,8867.697949043968,High,West,Checking
51,163671,731.0,52.640863859381945,919.4558691946364,19475.270259310728,Low,Midwest,Checking
18,106546,588.0,36.0920312341557,1238.3336997735935,17709.715882331224,Low,Midwest,Savings
42,129903,810.0,25.095532962013028,987.5254699751998,65573.39089295984,Low,Midwest,Business
61,24125,588.0,38.353167265354635,1037.5646009058482,3826.5006659771325,Medium,Northeast,Business
23,16453,704.0,19.59117186620537,643.0672872731752,16284.755980761096,High,West,Checking
28,32838,619.0,29.761508134633168,1411.6553410897252,14111.898787347458,Medium,Southeast,Checking
36,37971,674.0,13.237350274514814,955.8318228860079,36993.94472915926,Medium,Midwest,Checking
28,87147,706.0,12.6311680440905,1035.8444765274162,2550.4793136701774,Low,Midwest,Savings
18,9377,705.0,35.47665226580853,1478.6873989538472,20902.695109717162,Medium,Northeast,Savings
35,123456,713.0,32.19807096428471,810.6157730823579,12599.27521578523,Low,Southeast,Business
22,32003,809.0,31.080926061425902,1622.6722102935537,4816.842915555284,Low,West,Business
40,25809,716.0,22.66135263526242,485.11639498491974,9649.218618581592,Low,Southwest,Checking
23,16160,660.0,31.166132266605963,1062.8830326899208,6091.953372809593,Medium,Northeast,Savings
53,9663,757.0,17.2173590514398,623.5144787259145,12988.007207956089,Medium,West,Premium
25,70160,775.0,4.146697521282484,544.3012137488842,32973.45870779656,Medium,Southwest,Premium
31,38509,581.0,27.61974130074415,2033.1647687131274,12635.325897087783,Low,Midwest,Checking
44,12939,727.0,9.425356031693806,498.40953990852023,,Low,Midwest,Checking
20,12886,736.0,41.18445340829866,964.4581853918256,10970.458797934092,Medium,Southeast,Savings
37,27760,656.0,51.57009792685964,478.5971714779469,787.813447090881,Low,Southwest,Checking
50,138028,790.0,63.422832682936914,1577.8639014155674,3976.2612564588317,High,Midwest,Checking
18,29505,667.0,27.170217319000567,772.3957707542575,10159.158537049707,Medium,Midwest,Checking
37,10910,690.0,16.115555595365098,1475.2031577486316,5571.0709571372245,Low,Southeast,Savings
38,29834,666.0,30.19616530585536,1219.430214286395,3009.059757599874,High,West,Checking
44,29196,681.0,24.747616586330075,2324.320983657998,10521.708218663734,Medium,Midwest,Checking
20,4198,592.0,27.73672197869529,428.9539204840313,5847.0463575750355,Low,Northeast,Checking
19,34771,564.0,47.222499596045935,572.7876942622217,4478.26677001428,Medium,Northeast,Premium
41,30189,807.0,21.903951367592533,1439.5887051905784,9353.908680202088,Low,West,Premium
38,63383,612.0,25.130404126245264,1086.22769139117,,Medium,Southwest,Savings
38,159398,600.0,13.449891422559377,838.4616910180309,39413.45843930412,Medium,Southeast,Savings
39,89433,507.0,25.75375190463321,2128.601512004014,30340.485979128483,High,Northeast,Business
26,29286,628.0,57.58311543371693,933.628375924367,18445.54434381461,Medium,Northeast,Checking
37,14984,574.0,17.478898807467765,635.3167581202431,1684.3306974692043,Low,West,Checking
38,284556,811.0,44.04393990716352,1483.1936394275106,22433.421091365057,Medium,Southwest,Checking
26,38077,760.0,23.99687231550571,948.1121812649708,24750.565233238634,Low,Southwest,Checking
57,36722,,44.57504855829945,982.2834575987899,21900.05764253317,Medium,West,Checking
40,35621,850.0,41.814573239418394,1265.8249958128176,1814.9974049323675,Medium,Northeast,Business
20,42551,758.0,12.477872464880942,1288.0720268685118,15488.490509779636,Low,Southeast,Savings
42,32354,654.0,41.35696874278296,568.9196937140453,26965.890122544082,Low,Northeast,Savings
23,22949,480.0,8.552216071945434,815.8685671599992,12918.283695098893,High,Southwest,Business
44,23447,850.0,10.238495285184403,456.9673976549107,15594.147089725064,High,Northeast,Checking
48,35376,568.0,22.850508874050057,1093.5747706026227,9197.40193140985,Low,Southeast,Checking
25,23511,548.0,54.66614162505907,2016.8001396710717,11284.139646534606,Low,Midwest,Savings
46,20531,761.0,35.10850322437097,580.7765259005481,524.7246510677945,Low,Northeast,Savings
39,39543,850.0,13.941057604626685,412.85737914409077,15281.623405321627,High,West,Checking
44,29614,790.0,5.369951548994858,685.7751438940066,1274.338574751355,Low,Midwest,Savings
57,120957,725.0,38.06987361056626,835.0497150310039,8564.330682899626,Medium,West,Savings
32,4355,,27.942240442944833,1293.19234314977,5193.553392220533,Low,West,Savings
25,86960,748.0,30.66911814390244,794.3489599736744,11825.982788124824,Medium,West,Savings
24,98407,740.0,34.30330836467325,1102.5214640047398,2147.9492997694138,Low,Northeast,Checking
25,6913,702.0,47.611454437072105,734.6761437875372,17647.47569887128,Medium,Southwest,Checking
34,27607,688.0,25.54704259647891,856.6557503058435,23772.023686908506,Low,Midwest,Savings
39,26979,674.0,50.120060178320834,624.9600180529352,2675.321618696398,Medium,Southeast,Checking
38,11778,619.0,15.400666296079905,530.0091911941335,1652.4653237913792,Low,Southwest,Business
44,19491,657.0,6.323234040516468,1314.0781371926937,2358.8534356477185,Medium,Northeast,Savings
35,14936,544.0,44.834545888275386,759.1823090431712,31449.12825545875,High,West,Checking
52,147534,672.0,10.997586339778064,1138.9875341154807,11267.660281608609,Low,Southeast,Premium
31,76767,,29.980310270744265,620.1271083808765,9445.854724583776,High,Midwest,Savings
67,100432,591.0,53.63077304756033,936.4382221370468,1692.6905879102392,Medium,Southwest,Checking
42,64688,694.0,6.705426999363957,290.9517619563648,15728.315644622113,Low,Southwest,Premium
24,14717,791.0,33.73425781481131,786.2604414612687,30374.253970450216,Low,Southeast,Premium
22,23870,753.0,6.163751556213369,652.7844137398215,26420.1303311669,Low,Northeast,Savings
40,53717,554.0,26.69105924136806,1549.3132508664671,14754.686594474992,Medium,Midwest,Checking
32,13660,600.0,1.4681933127792124,488.52987107301044,,Medium,Southeast,Savings
43,64241,755.0,9.291290127017373,873.2562041887146,1788.4610796879092,Low,West,Premium
40,29963,601.0,16.208459011388985,1087.443469306273,,Medium,Midwest,Checking
34,26907,662.0,5.558771864927384,1452.5029835468351,4465.56626161645,Medium,Southwest,Checking
24,64136,724.0,36.287314213680425,1363.2216523806671,2186.861497551389,High,Southeast,Premium
18,51813,,32.618555306964204,905.6627078076663,4517.550212269707,Medium,Southwest,Checking
29,27206,688.0,55.16768599767246,965.1739115038243,7293.411227618454,High,Southwest,Premium
45,91808,573.0,10.991865606237472,1548.6908600746192,42966.0303436635,Medium,Southwest,Savings
37,15292,631.0,21.718481039517947,897.628275190667,14138.598913540169,Low,Northeast,Savings
20,59441,,7.822097883115157,1012.6866275259588,27024.764145781257,Medium,Southwest,Checking
37,58365,552.0,17.67688055025618,1571.514716543328,18586.307438641754,Low,West,Premium
39,28349,715.0,59.54379734962468,2471.4336866488034,1790.2542748910787,Low,West,Checking
24,47141,,39.717268660938096,1052.4667228175044,19972.570954009985,Low,Midwest,Savings
36,13347,724.0,10.55672064555032,1183.255932122187,4825.800326799196,Medium,Southwest,Savings
35,76055,697.0,3.1185910555505756,1345.034176390442,15287.641656302476,Medium,Southwest,Premium
21,31322,789.0,2.7957961979081927,1564.7857031625356,6254.610645344661,Low,Southeast,Business
39,23904,690.0,36.797659433535934,1468.7574438092256,90942.88262552221,Low,Northeast,Savings
41,84053,645.0,15.912957130042498,707.4628393418113,4588.739145092093,Low,Midwest,Checking
47,20671,689.0,73.8086963835553,1084.5375564854614,4909.456742251806,Medium,Southwest,Business
47,11769,723.0,24.369917696780018,1473.3236634344871,40033.651504066,Low,Southeast,Savings
18,10453,683.0,17.097774059130703,1712.1188457232581,374.2974192369748,Medium,Northeast,Checking
23,58971,683.0,8.072398199878913,873.9885684262273,17894.94835863176,Low,Midwest,Checking
41,13038,623.0,44.777919975228045,1072.6453764439414,19382.5764241976,Low,Midwest,Premium
41,147832,626.0,19.735165471552502,1128.8015012363442,27152.99877692729,Low,Southwest,Checking
41,6866,,26.14729695537015,950.4803545165537,55000.49519266206,Low,Midwest,Savings
75,141091,819.0,27.91904822094437,1060.0837084045406,55698.762056062944,High,Southeast,Savings
41,42993,580.0,24.924642287697086,281.88691560729745,1012.5718635992057,Low,Midwest,Checking
48,33611,,38.88004532026781,3152.647430851331,25876.04182047318,Low,West,Savings
46,23483,622.0,8.983097773481848,857.1128085508029,15590.014022174493,Low,Southeast,Checking
42,49976,751.0,23.93537041475697,888.1402115109704,15633.853668490425,Low,Northeast,Savings
31,35238,656.0,20.045204994057464,389.4293415620871,2060.508414024958,Low,Northeast,Savings
44,87784,779.0,40.099694375353145,354.7263647549865,15755.355432116672,Low,Southwest,Savings
25,39790,626.0,46.74355152035755,1164.886781322454,,Medium,Southwest,Premium
32,40955,702.0,12.791579245418195,1476.0194279032148,36425.38315697752,Medium,West,Premium
29,27149,613.0,40.373494198452505,1355.2829975034513,8674.009613204953,Low,Northeast,Premium
35,34698,850.0,8.948655761560051,619.2910362182951,611.5170224260788,Low,Northeast,Checking
62,46455,584.0,24.781566399063273,1319.6773251909224,,High,Northeast,Checking
18,9245,704.0,26.449203451846,881.585586094348,26264.185043408634,Low,Northeast,Savings
43,12350,730.0,45.49932251283338,782.2042102951284,18134.735039805943,Low,Midwest,Business
18,65815,713.0,38.95079338725104,463.65917282204566,9224.571373268313,Low,Southeast,Premium
29,41634,665.0,9.718177285658083,657.3555250754134,850.1670281024977,Low,Southeast,Premium
48,31345,669.0,38.28986050331805,1177.1532176018661,8350.287870986804,Medium,West,Checking
35,36855,683.0,29.7838427885603,1079.3269576248233,9495.603394452673,Low,Midwest,Savings
22,47957,668.0,59.03979088514873,1007.8426844308291,39582.522223370994,Medium,Northeast,Savings
26,23580,757.0,17.60983318750709,273.32631135863596,15370.091431619918,Low,Northeast,Checking
43,19484,850.0,21.44134952920709,1012.5871542055106,5601.931299753647,Low,Southwest,Checking
26,42475,635.0,62.04682337798468,702.3813062817648,11176.660949111538,Medium,Southwest,Business
37,16602,570.0,48.72331449600043,1082.86669318374,1025.0708788547863,Low,West,Checking
35,50342,672.0,9.620692451496076,1586.0071828289374,53940.80481271919,Medium,Northeast,Checking
27,9301,850.0,24.965580347196685,752.7630723561423,6695.710556634444,Low,West,Checking
60,82728,615.0,34.1237799092246,978.7408043370599,9747.504210270077,Medium,Midwest,Business
42,53001,811.0,40.09150563139554,2122.815702574655,,Low,Southeast,Savings
18,44570,814.0,11.793590761943248,1058.3675615199677,17209.716098696364,High,Northeast,Savings
37,79710,635.0,55.72754113921149,923.7407664682867,16280.947176871485,Low,Midwest,Business
27,137637,725.0,6.294278801876782,624.294423725088,,High,Northeast,Checking
45,81756,810.0,12.295220654768162,1336.1302967369372,4682.556795528306,Low,Southwest,Savings
25,8327,649.0,53.02969759506505,572.1678910294428,,Medium,West,Checking
33,13047,663.0,27.09993961105075,1617.3832375882898,2007.278326567954,Low,Southwest,Checking
41,22029,633.0,27.708902751884185,1250.980094853332,15985.352021994739,High,Southeast,Premium
45,37081,598.0,30.1184192228817,714.246027434285,609.1603673153288,Low,Southwest,Premium
20,54947,628.0,14.014940155761469,634.5980475510676,13657.6993841118,Low,Northeast,Checking
30,20320,582.0,7.373378490111674,642.0771916621422,30568.263198665878,Low,Southwest,Checking
29,42167,682.0,32.915651051709325,358.2076593374893,33223.02985907585,Low,Northeast,Savings
27,19844,618.0,35.9768584824016,1152.2459291283133,8941.335041918144,Low,Southeast,Checking
56,22265,698.0,30.977747327024048,293.12019437939296,9223.4625569907,High,Southwest,Checking
39,11786,555.0,18.035041428788407,896.6386557504924,1201.3898576951658,High,West,Checking
19,17351,,11.049325801614986,869.8822406573066,16664.753621435502,Low,West,Checking
46,12315,746.0,22.685261894516533,799.1802355171382,25827.297002750027,High,West,Premium
60,16635,520.0,63.89059701703223,1148.68336706061,4208.71129130013,Medium,Southwest,Checking
47,84365,709.0,24.313915351568323,715.1026616155849,8204.588908135633,Low,Southwest,Checking
18,16991,778.0,21.596804604807858,1013.7673142074366,27380.302549303608,Medium,Southwest,Savings
29,298315,,24.855717435847975,1617.2399417844872,31448.262231531902,Medium,Northeast,Premium
50,53887,813.0,23.747045971287374,1210.1825232798965,4179.447126826654,High,Southeast,Checking
26,42102,713.0,53.19284493276698,766.248683168449,11996.648664990536,Low,West,Checking
40,18275,623.0,39.04389243462244,936.7421037427844,3207.0561260484706,Medium,Northeast,Checking
44,63592,675.0,16.973758904288573,799.603075580012,1611.7531989958804,Low,West,Premium
23,22913,724.0,20.402617501501798,864.1175956302966,36307.10662335478,Low,Northeast,Savings
34,40038,686.0,25.492632671059894,1027.999755817369,25764.328173520895,Low,Southwest,Premium
18,281550,723.0,28.906082696293733,452.7711266562466,21408.926855927373,High,West,Business
22,33629,606.0,14.078969013769074,398.6095277599136,749.9328761835193,Medium,Southwest,Premium
31,91073,693.0,18.846863488275698,598.3029133169177,27842.434093819546,Medium,West,Savings
20,20691,566.0,56.519920122779276,1173.2913936831185,8644.977885628521,Medium,Midwest,Savings
54,35313,671.0,54.41384134079767,1245.8781326869796,6287.265290325637,Low,Northeast,Checking
18,149737,607.0,20.74958132489381,1329.2923688866565,11860.618277284671,Low,Midwest,Business
29,21991,621.0,19.37947313120766,610.0352707106697,1436.9829928196782,Low,Northeast,Checking
36,154810,778.0,39.1736597857107,976.1709207314374,21198.605445462847,Low,Southeast,Checking
52,63972,767.0,5.49042835324885,777.5149674198135,13099.728634824305,Medium,West,Savings
18,23156,,51.3200034727355,880.8904139989207,3097.8016590819393,Medium,Southeast,Checking
48,60230,592.0,16.80138488305095,770.9991879510129,3128.1141003241546,Low,Southeast,Savings
35,79066,654.0,34.9845138296325,1054.5835732360729,3054.685357787615,Low,Northeast,Savings
23,59721,777.0,6.470899156806993,672.7155979504588,880.3729233047927,Low,Midwest,Savings
40,10340,691.0,39.92098512519557,1536.6176222290712,13293.642730470425,Low,Southwest,Premium
37,20298,850.0,36.02074853627584,1542.7541111104902,,High,Northeast,Checking
27,29791,711.0,33.681581644063755,1156.9089217602145,264.7967612374819,Medium,Southwest,Savings
35,34216,695.0,12.566751557557145,1456.3532861835151,753.6915112612534,Medium,Southeast,Savings
30,59667,655.0,18.6745643052941,443.64846219120597,12756.50125069284,Low,Southwest,Savings
36,41863,690.0,30.90542956810058,1576.680696510514,25680.00896724764,Low,Midwest,Premium
42,12478,,16.11047165510067,1107.214411274816,5934.330693432749,Low,Northeast,Checking
54,49225,736.0,15.601939383489905,692.2799532274225,6452.84789072776,High,Midwest,Savings
20,59187,756.0,48.91720840330514,659.0299638023112,13607.976541485756,Medium,Midwest,Checking
60,56830,617.0,4.05952160464261,1815.2287046399224,4807.478143012941,Low,Northeast,Business
18,86217,573.0,50.131001717307036,1338.8485365515148,404.5316447449771,Medium,Midwest,Checking
33,70766,533.0,12.548012366790601,870.0387942144271,19933.322362159342,Low,West,Premium
42,52435,720.0,37.83262469877855,440.9758101518769,14738.457866193634,Medium,West,Checking
38,34333,591.0,32.22129037148612,1612.7470692692782,13039.532810982992,High,West,Checking
27,9616,507.0,12.136225357209524,532.053052072799,20303.58205018498,Medium,Southwest,Savings
32,51210,711.0,16.47667199410821,784.1555909473626,16869.609276523235,Medium,Midwest,Premium
29,42879,850.0,42.10690230658029,869.4788199152283,3457.847989214022,Low,Northeast,Savings
27,45128,679.0,22.30656431040991,654.1766416250346,6519.108220603137,Low,Northeast,Business
45,13076,747.0,74.75416808203147,851.4346342292084,2022.0139724261599,Low,Southwest,Savings
39,15293,,17.653263115212866,930.2928593141708,2086.4659266696362,Low,Northeast,Savings
26,84332,672.0,16.939987569774235,843.2441456308494,16914.24151779977,Medium,West,Checking
45,35184,753.0,10.123676310915995,1078.302030534564,29342.449231720577,Medium,Midwest,Premium
38,62642,656.0,15.521976788527784,1845.5791797380514,49344.53844106204,Low,Northeast,Checking
44,37147,701.0,25.16719879928031,452.32331212508524,14846.92458031154,Medium,Northeast,Premium
42,37190,705.0,69.88438963940432,1003.166773864063,3051.976537700201,Low,Southeast,Business
25,76928,626.0,16.287619472878653,534.9659084976516,1674.8770169990635,Low,Southeast,Business
28,24032,759.0,3.5861074519571012,429.60247602440126,25137.750537972373,Low,Southeast,Savings
43,39218,666.0,18.689261626561333,1406.8958090393123,12968.16257373173,Low,Midwest,Savings
42,25088,619.0,28.021975907890234,1042.3093305486054,14446.216157639865,Low,West,Premium
34,25652,722.0,50.39853388745347,415.3961651809242,22811.936589804416,Low,West,Checking
36,28357,608.0,29.05356993774629,851.0728763200824,18224.355042030336,Low,West,Savings
50,43377,682.0,21.37032540043946,341.8686438746046,26977.978010560557,High,Midwest,Checking
27,24760,679.0,17.420404077010232,599.0965468744525,867.835999198947,Low,Midwest,Savings
41,99171,766.0,39.919600736253635,269.71034663851924,20646.386449438553,Low,Southeast,Checking
32,17753,717.0,26.593194966384743,865.0254373275668,28542.318826480558,Low,Northeast,Checking
32,31272,677.0,40.20401338219225,1265.8259637205624,5055.922044397932,Medium,Southwest,Checking
48,25545,745.0,10.54043592980552,1208.3368359423862,15343.416716163947,Low,Southwest,Savings
44,115564,791.0,18.962207868009486,773.6062814198986,5656.7088574008985,Medium,Northeast,Savings
44,42499,,35.48328182831716,1436.4179403276403,47540.95506902873,Medium,Southeast,Checking
50,82907,680.0,7.851743073924757,1674.0999188394962,509.92360242730115,Medium,Northeast,Savings
35,11065,575.0,12.350488995470801,1275.21441415154,13005.111904994917,Medium,Northeast,Checking
43,44965,594.0,24.137784545030637,713.0906977459836,2731.887486129599,Low,Southwest,Savings
31,73991,655.0,46.885431030478045,878.2610322327183,18683.395389186535,Low,Southeast,Savings
38,38786,631.0,54.916718143605124,1819.2693756111237,2901.774101183314,Low,Midwest,Savings
33,85168,665.0,13.208665662881735,801.0002341103688,4025.7084996235094,Medium,Southwest,Premium
36,24008,684.0,29.893631402013455,1210.0481344514533,10229.275597472288,Low,Midwest,Checking
42,112137,722.0,51.46805029932751,649.8295518045301,36947.4621080621,Low,Southeast,Premium
25,228460,674.0,40.08971368260079,1440.937870794357,3568.4217436182967,High,Northeast,Savings
60,27166,718.0,28.42255949831302,613.8035389443575,2336.480109927939,Low,West,Savings
22,25427,685.0,31.754411011338206,896.0643241543607,21342.933250893522,Medium,West,Savings
20,116158,521.0,13.848346987034896,1190.8433967766518,10415.805202546904,Medium,Southeast,Checking
48,128496,604.0,20.097123645401037,1986.4338014169941,36419.69304534007,Low,West,Savings
44,23901,668.0,24.188964316220723,1033.604557901943,2378.1594931915583,Low,Midwest,Savings
42,25948,583.0,22.956119418903832,824.388649509639,15573.820418481808,Low,West,Checking
42,28986,727.0,21.568607571636463,795.4107863458756,3976.6638462069336,Medium,Southeast,Checking
34,12387,802.0,12.310958018220287,1412.7480630037207,2557.5625849349203,Medium,Southeast,Checking
24,17414,777.0,51.606248585607375,1147.7477000931221,17253.13568072718,Medium,Midwest,Business
35,16263,662.0,26.23139249573352,1254.5699593900292,13509.384340164956,High,West,Savings
26,19648,,23.09942687514944,1761.4107414670602,21086.895970857993,Medium,West,Checking
46,35321,,9.595128593448145,959.5348823423146,5554.276647609859,Low,Northeast,Checking
33,43799,653.0,34.035335737121706,1111.3564817125116,8912.338303343202,Low,Southwest,Savings
25,125542,630.0,15.694670027434334,790.3525001868209,7799.803817162453,Medium,Southeast,Premium
31,16339,,16.200257717108478,637.755161655725,62111.60618387749,Low,Northeast,Checking
39,79814,648.0,19.459935313145536,698.4400087843137,5184.943214081666,Low,Southeast,Checking
28,30601,693.0,38.890333638492116,234.67766171861624,5239.474100673749,Medium,Northeast,Premium
25,34906,692.0,32.40072686151163,1185.4185869803086,6567.071339391843,Low,Southwest,Checking
37,62308,680.0,5.6960686861772745,1130.8230249786245,12472.148048173782,High,Northeast,Checking
37,14791,714.0,50.684432743868825,1174.136976551084,4361.758056131519,Medium,Southeast,Business
28,49312,775.0,30.439250526781684,617.2930001183688,37027.81375076017,Low,West,Savings
29,41488,755.0,29.72452247392276,704.270146502742,4632.2693453671645,High,Southeast,Checking
37,53850,561.0,13.67056096153261,693.3205537448587,33923.91203590002,Low,Midwest,Checking
18,45767,475.0,44.914011712217096,1503.7918910645644,1638.4375664114662,Low,Midwest,Checking
18,258911,754.0,25.181479605739426,1016.2132697551547,16031.260855786764,Low,Midwest,Checking
26,21803,570.0,16.951392607312645,954.7994659049534,35625.00123350258,Low,Midwest,Premium
32,23746,662.0,8.014649270573642,1306.4760370435515,2772.360171017234,Low,Southwest,Savings
38,22059,586.0,23.25370523553835,694.4405394929859,51784.34154414392,Low,West,Premium
52,23286,535.0,48.41625365767797,1099.1715838650066,9046.398963289977,Low,West,Business
45,21809,723.0,16.93257626556566,2102.8523327109083,43702.63996386631,Low,Southeast,Savings
33,94015,740.0,7.477892700140167,1609.3783028339928,16943.18955660534,Medium,Northeast,Checking
34,113142,633.0,18.52423234921943,1091.6943501871517,5384.167115067989,Medium,Southeast,Savings
22,23003,472.0,16.796351370450527,971.2943545358958,3129.413638093902,Low,Southeast,Business
34,18659,636.0,27.633549496605447,1169.584639802999,,Low,Southeast,Premium
31,52951,711.0,13.097855154707988,1708.68257448803,1464.4803508069374,Low,Southeast,Checking
38,23346,561.0,15.42500262093677,1654.473864878357,2329.9600471335575,Low,West,Savings
25,60255,694.0,8.993538353011882,1836.7428896475128,1658.2835459839457,Medium,Northeast,Savings
41,42716,,34.65590425511273,1042.2522648983484,8247.227591876868,Medium,Southeast,Business
53,10801,726.0,16.499025374641892,291.8224436353631,23813.559524170498,Low,West,Checking
33,125242,689.0,14.543818446371128,2035.4005343871722,2286.4945378444218,Low,Southeast,Savings
39,152772,602.0,45.1163889216197,637.0695548954687,2094.456737534333,Low,Midwest,Premium
43,22242,775.0,52.92063498589319,313.55979624380507,15468.326383406586,Medium,Southeast,Savings
30,26631,667.0,37.7177197138795,1296.9083780225515,3294.426959083928,Low,Southeast,Savings
37,45646,677.0,49.77153092263308,295.22220931770045,1540.6278313680732,High,Southwest,Checking
35,47456,605.0,42.318456662924476,945.6824815888458,2738.0981170532623,Medium,Midwest,Checking
36,61502,644.0,21.733647489695553,292.6764993127166,38602.408571305095,Low,Northeast,Checking
25,181346,609.0,10.54974346874187,801.675570144859,25845.084627848104,Medium,Southeast,Business
35,31522,666.0,17.711581607683303,1838.61858743529,6555.835828802912,High,Northeast,Checking
40,19174,816.0,15.601042342477015,1097.9830049865252,15998.89098126267,Medium,Midwest,Savings
52,12046,570.0,35.83027272484148,941.1391722936488,11559.357145675447,Low,Southeast,Savings
46,20236,550.0,23.82117203777517,1152.7869599976673,16957.316196693104,Low,Southwest,Checking
60,35365,797.0,4.443763713492062,184.66272308585857,17217.250033062766,Medium,West,Savings
25,152610,663.0,17.74341564063494,686.785475643465,14862.547990720454,Medium,Southwest,Premium
45,24002,,8.10503458688375,737.8698464627327,4640.765462687359,Medium,Southwest,Premium
37,43435,763.0,23.325972978998845,1234.5730438841858,596.8132705356475,High,West,Savings
61,35841,631.0,45.63029734443914,569.1715336327815,9120.149886210986,High,West,Savings
25,93968,826.0,11.099512270858746,1021.8313834748141,33242.517531848236,High,West,Checking
24,274181,734.0,52.4107383079782,899.5874186744793,12642.023805018582,Low,Southeast,Business
27,23749,640.0,24.94485341513156,704.8160977328233,26791.824628449547,Medium,Northeast,Checking
18,24549,850.0,35.76596696917246,727.0558684171907,,Medium,Northeast,Premium
28,83727,631.0,14.11241998676989,895.7885597761083,2680.0152792923013,Medium,West,Checking
25,62662,739.0,25.621935561558058,340.09141155984355,17654.0070847798,Medium,Southwest,Business
36,159112,703.0,52.397914996172524,1314.466737318585,16826.382542413034,Low,Midwest,Premium
39,57938,784.0,48.19498063691885,634.8810876492429,58646.96776253714,Medium,West,Premium
57,27243,804.0,26.39644320402215,825.5264559091069,63608.67063965417,Medium,Southwest,Checking
46,58251,682.0,22.35141588845641,1808.3422440999716,17407.887234550446,Low,Southwest,Savings
28,88164,619.0,27.642704708167386,1324.5561202318556,4188.0674723414695,Low,Southeast,Savings
24,70009,716.0,32.11292553414071,519.0910007039075,24033.645724631635,Low,Southeast,Premium
40,54492,625.0,55.740688568153594,165.60054362062226,,Low,Northeast,Checking
19,85249,841.0,16.218908617481993,1174.9690308678682,22759.67175917008,Low,Northeast,Business
56,92543,690.0,15.480747939205203,840.8626035866358,36151.907154497865,Low,Midwest,Premium
49,109724,650.0,20.960392282734936,1024.6237983311776,7239.244002605441,Medium,Midwest,Checking
29,61020,694.0,10.686653718771085,1304.8756354574393,14939.56143853172,Medium,Midwest,Premium
18,31770,572.0,36.441921405229,1396.9333911515685,8435.540350471054,Medium,Midwest,Savings
51,40838,602.0,6.985421523280302,765.231470249807,,Medium,Southwest,Savings
33,95340,776.0,57.52524381494896,888.974026840069,5574.0201952993075,Low,Southwest,Checking
49,18891,627.0,28.165155884564697,1113.7827171072586,21540.440661193523,Low,Northeast,Savings
18,48773,596.0,37.94411536939452,1146.651087912432,41274.52234902263,High,Southeast,Premium
27,26511,722.0,4.565963100292531,1020.0711118425608,42390.06001379242,Low,Southeast,Savings
35,37160,774.0,39.07392159198113,1718.3282703647465,2881.6022781029583,High,West,Savings
35,100988,737.0,32.5902940621004,1140.8940381947496,31160.89258436476,Medium,Southwest,Savings
29,42314,759.0,34.50841502829877,1296.2633080949588,20058.645833026818,Medium,Midwest,Premium
42,37689,619.0,23.701367390107055,1059.2648816862343,4372.0867166594335,High,Midwest,Checking
22,12235,566.0,42.43518655493258,567.0913012429703,1044.8276405287265,Low,West,Premium
33,65973,800.0,12.881200099088815,685.7310835594966,4679.565468949275,Low,Southeast,Savings
36,60863,654.0,32.99114686361586,508.04393323417696,36491.81393614818,Medium,Midwest,Checking
41,204966,659.0,6.675553056618239,1466.7811285458906,15043.206030836976,Low,Southeast,Checking
43,28389,786.0,10.571078303232644,414.1672597915333,19151.091503275886,High,West,Savings
21,43274,724.0,53.57995621053333,872.1167892675678,4458.964558331525,Low,Southeast,Premium
18,44333,716.0,15.957134377575063,785.0750794967863,19061.743517076364,Medium,Southeast,Checking
50,128278,850.0,12.287989871766325,775.4016752389253,427.8673319163877,Medium,Southeast,Premium
38,33649,628.0,30.995644773932675,807.4197729708462,7057.768720569849,Medium,Midwest,Checking
26,45397,754.0,50.067412401716936,1862.6873623941244,,Low,Northeast,Savings
53,59060,684.0,19.253338124350865,327.080665509504,2369.0574898697373,Low,Southwest,Business
36,42162,701.0,67.98139772747848,1622.1623683892342,25974.386118415085,Medium,Southeast,Premium
49,25408,802.0,16.580692395614125,839.7323566676694,4018.80539208319,Low,Southeast,Checking
35,42415,720.0,44.5325731706341,1356.1533771045017,15845.413816582917,Medium,Southeast,Savings
59,85725,723.0,28.710346659034748,968.2378094181663,7792.87890597719,Medium,Northeast,Checking
56,15975,765.0,20.515210248463084,534.5927158384093,13596.724746626747,Medium,West,Savings
32,40391,650.0,35.69482999794101,1691.4120652444194,1705.1004546920217,Medium,Midwest,Premium
46,20741,,8.720531597496315,1574.90303639857,255.86181979397702,Low,Northeast,Premium
42,94469,596.0,23.791157291652002,554.7048527426371,36046.76379833229,Medium,Southeast,Checking
51,10736,522.0,21.25906368597829,1214.979516455809,4713.060538996728,High,Northeast,Business
23,23222,844.0,33.80474712276761,700.9641975832935,25695.084107381597,Low,Northeast,Savings
43,49107,591.0,29.052756084271987,423.62989686147625,,High,Northeast,Checking
47,127060,662.0,34.79181328972756,635.6564607270072,3563.03543482185,Low,West,Savings
18,34454,657.0,42.2199607705117,1647.2134021486897,4621.756615276143,Low,Southwest,Savings
20,23291,704.0,24.249642318363556,1370.9537520253064,16308.84562091486,Low,Midwest,Savings
18,163558,745.0,30.247633739273528,811.8905981254575,50479.62315045618,High,West,Savings
31,11402,748.0,56.85546252018754,1650.692805704471,37120.961674806924,Low,West,Savings
43,6253,633.0,29.393240112032725,1521.1951558107837,10483.722324020127,High,Southwest,Checking
53,51637,666.0,23.718069472344744,636.1467342839293,23779.251122145488,High,West,Premium
35,24303,702.0,43.484831360277724,1829.3082977088766,2188.326028911138,Low,Northeast,Savings
54,16042,660.0,24.766475341982122,781.4007352256363,56872.44552270621,Low,Northeast,Checking
18,64002,808.0,59.15252921662858,832.353316201188,50011.45278800641,Medium,Southeast,Premium
18,44136,719.0,49.414273786873565,331.7479464266123,2682.037580699114,Low,West,Business
34,23126,738.0,19.275092244199293,694.6463769856282,5337.767638570087,Medium,Southeast,Business
39,13039,733.0,21.570858057122805,875.2562918822049,1582.9912491189336,Low,Midwest,Checking
34,72981,773.0,45.48274324248505,1072.6757081392468,4755.995886046184,Low,Northeast,Checking
18,61093,694.0,43.203347294911104,535.517303199835,25388.689129757866,Medium,Midwest,Savings
33,33545,576.0,47.27380263938699,650.3622461531511,7129.840830533449,Low,Southwest,Checking
19,159103,711.0,25.389739467619922,1847.3433221472976,1388.259819899631,Low,Northeast,Business
43,15427,627.0,28.572136176326275,1476.3676384753153,6283.397238474739,Low,Midwest,Checking
39,10716,637.0,23.17922806044498,1597.756296608098,59755.47136358519,Low,Southwest,Checking
23,20878,726.0,23.320414628000993,909.3808117119572,14900.96236239685,Medium,Midwest,Savings
28,35014,779.0,16.97303259220881,1087.0943842637835,8071.948909468695,Medium,Southwest,Checking
22,44120,681.0,49.15121741124872,1227.070279933451,2732.516772212933,Low,Southwest,Premium
34,29941,704.0,33.19587751508013,1835.2134421682983,64221.10113693036,Medium,Northeast,Savings
46,48129,816.0,34.27031340245881,418.8788663723659,25792.894575567938,Medium,Southeast,Checking
23,13343,699.0,47.320746037150585,728.1207722671802,4958.369756631076,Low,Southwest,Checking
41,115267,850.0,5.7826174727944,1042.5537290356203,1089.6684289494037,Low,Southwest,Savings
28,34005,725.0,33.42823374545915,971.0340088008757,874.3799881617658,High,Northeast,Checking
25,88772,539.0,50.55663733930453,646.3896869649385,1923.9476881677074,Medium,Southeast,Savings
33,47771,740.0,10.926771693672341,1179.806457760177,13039.983076733304,Medium,West,Savings
22,52334,710.0,47.637186210417106,741.8899538531406,39626.23268059805,Medium,West,Premium
28,57286,783.0,33.51520189164386,938.886919667048,10299.827331654742,Low,Southeast,Business
20,51956,733.0,31.13112656037835,1156.3700447949961,27767.43432611499,Medium,Midwest,Business
58,60729,668.0,31.565145210422436,758.5619241656002,8855.789338223016,Medium,Northeast,Business
35,105168,582.0,13.425930596426694,1320.0272064743522,18495.02881018034,Medium,Southeast,Checking
26,42498,663.0,4.261251654027319,1427.6499856651692,19744.403254661378,Low,West,Checking
37,64036,611.0,44.02492515093427,658.2819425153027,2866.748502632077,Low,Southwest,Checking
33,33799,633.0,11.95934956640864,739.3853774075283,6722.835033647156,Low,West,Premium
32,114931,727.0,20.00779313230957,575.0160090493346,15212.777677513972,High,Southwest,Business
42,21139,,70.07817975708072,929.325965144973,1099.8002184706852,Low,Northeast,Premium
44,153392,711.0,28.17555447671213,1072.3460041537228,6730.448195816284,Low,Southwest,Checking
28,35167,584.0,34.92651154755516,792.8922369152384,11479.300665740424,Low,Southeast,Business
28,11560,715.0,18.348662812958906,1058.8328344488425,83688.3091873001,Low,Southwest,Savings
31,40234,775.0,50.231667378978365,730.1618117817513,9652.03438024171,Medium,Midwest,Checking
18,21060,631.0,6.245007841002178,741.3903595018177,25396.920473030452,Medium,Southeast,Savings
18,71147,669.0,43.544377003930066,1097.4187692255387,8486.284903533122,Medium,Northeast,Checking
51,21545,681.0,9.20630148030118,764.6544343836122,23873.286429645894,Low,Southeast,Savings
54,25413,617.0,62.575188838532945,906.3258465462674,13573.394073892778,Medium,Midwest,Checking
32,8009,731.0,37.70081169472025,1114.994373728543,32651.905351573052,Low,Northeast,Savings
41,25289,670.0,12.71719790497805,1051.8936707885496,7938.473488145437,Low,West,Savings
38,5223,713.0,27.435287356315836,235.25894881613632,13906.65150420493,Low,Midwest,Premium
71,10227,609.0,38.256661568693126,735.0643800154811,14914.541441661448,Low,Northeast,Savings
48,66724,645.0,17.843961982715925,1492.2228066965092,8103.377331738645,Low,Southwest,Savings
33,68093,737.0,21.62905367743838,407.15331179202366,2337.742594773772,Medium,Southeast,Premium
23,51040,650.0,52.09740341645329,143.6540388387063,1473.4467796686697,Medium,Northeast,Business
18,16754,818.0,27.9074004926693,1202.4997391965537,252.18127560310015,Medium,Southeast,Checking
37,34955,,48.49887995749727,1042.6128107593559,31016.758066549002,Low,Southwest,Savings
25,36210,697.0,34.81128642195799,537.1032706776202,4047.1394396231335,Low,Northeast,Checking
18,14375,754.0,37.76973082787967,981.9092167049427,3564.4714839422345,Low,West,Checking
27,120899,566.0,45.52676384890687,688.0431494086118,19979.104160250037,High,Midwest,Savings
22,73268,539.0,56.4636774420852,1163.4801552095978,5785.292652142278,Medium,Northeast,Premium
55,30431,557.0,13.525495524082082,163.4885020101038,10579.653545343288,Medium,Southwest,Checking
45,37105,781.0,41.89062970344011,826.9044466569444,2660.2084149850334,Low,Northeast,Premium
34,42903,635.0,62.772397336782085,719.63572224611,48188.084725281034,Medium,Southeast,Premium
52,7091,850.0,42.33062618932802,1322.219695239196,28615.77928937685,Low,Northeast,Business
35,29799,634.0,32.42865327317485,338.44229244915925,29903.32047727122,Medium,West,Checking
24,21044,694.0,52.37323534287259,953.126185248167,7832.6912365960125,High,Northeast,Business
53,16296,803.0,68.43643932117193,1195.941706291137,21555.051942644845,High,Midwest,Checking
41,29001,,35.926527588984385,1987.251807974806,2330.103525334819,Medium,Northeast,Savings
22,152993,844.0,39.39614324212918,740.2764574707995,129.84541516580907,Low,Southeast,Checking
32,60637,776.0,37.99956547644613,1080.6508204806457,302.62631820901436,High,Northeast,Checking
24,22995,761.0,8.417433653931045,350.77686167767854,13250.15751695359,Medium,West,Premium
18,57415,727.0,43.72271147397713,930.933072445558,9115.415156268587,Low,Southwest,Savings
